Address hex,Data hex,Meaning
00,24,VID low: Microchip default development identity
01,04,VID high: 0x0424; obtain authorized identity before distribution
02,14,PID low: USB2514B default
03,25,PID high: 0x2514
04,00,Device release low
05,03,Device release high: 0x0300 Rev C
06,1B,"HS enabled, multi-TT, EOP disabled, individual OC sensing and switching; bit7 ignored with dynamic power"
07,80,"Dynamic LOCAL_PWR switching enabled, 0.1ms additional hub OC debounce"
08,00,Standard port map; string descriptors disabled
09,00,All ports removable
0A,00,All four ports enabled with external power
0B,00,All four ports enabled with qualified bus power; shared load budget applies
0C,32,Self-powered upstream maximum 100mA including host-side isolator
0D,FA,Bus-powered controller/circuit maximum 500mA; Type-C current qualification required
0E,32,Self-powered hub-controller maximum 100mA
0F,FA,Bus-powered hub-controller maximum 500mA; not a promise of legacy bus-powered interoperability
10,FA,500ms port power-on interval in 2ms units
11,00,Reserved/unused: zero
12,00,Reserved/unused: zero
13,00,Reserved/unused: zero
14,00,Reserved/unused: zero
15,00,Reserved/unused: zero
16,00,Reserved/unused: zero
17,00,Reserved/unused: zero
18,00,Reserved/unused: zero
19,00,Reserved/unused: zero
1A,00,Reserved/unused: zero
1B,00,Reserved/unused: zero
1C,00,Reserved/unused: zero
1D,00,Reserved/unused: zero
1E,00,Reserved/unused: zero
1F,00,Reserved/unused: zero
20,00,Reserved/unused: zero
21,00,Reserved/unused: zero
22,00,Reserved/unused: zero
23,00,Reserved/unused: zero
24,00,Reserved/unused: zero
25,00,Reserved/unused: zero
26,00,Reserved/unused: zero
27,00,Reserved/unused: zero
28,00,Reserved/unused: zero
29,00,Reserved/unused: zero
2A,00,Reserved/unused: zero
2B,00,Reserved/unused: zero
2C,00,Reserved/unused: zero
2D,00,Reserved/unused: zero
2E,00,Reserved/unused: zero
2F,00,Reserved/unused: zero
30,00,Reserved/unused: zero
31,00,Reserved/unused: zero
32,00,Reserved/unused: zero
33,00,Reserved/unused: zero
34,00,Reserved/unused: zero
35,00,Reserved/unused: zero
36,00,Reserved/unused: zero
37,00,Reserved/unused: zero
38,00,Reserved/unused: zero
39,00,Reserved/unused: zero
3A,00,Reserved/unused: zero
3B,00,Reserved/unused: zero
3C,00,Reserved/unused: zero
3D,00,Reserved/unused: zero
3E,00,Reserved/unused: zero
3F,00,Reserved/unused: zero
40,00,Reserved/unused: zero
41,00,Reserved/unused: zero
42,00,Reserved/unused: zero
43,00,Reserved/unused: zero
44,00,Reserved/unused: zero
45,00,Reserved/unused: zero
46,00,Reserved/unused: zero
47,00,Reserved/unused: zero
48,00,Reserved/unused: zero
49,00,Reserved/unused: zero
4A,00,Reserved/unused: zero
4B,00,Reserved/unused: zero
4C,00,Reserved/unused: zero
4D,00,Reserved/unused: zero
4E,00,Reserved/unused: zero
4F,00,Reserved/unused: zero
50,00,Reserved/unused: zero
51,00,Reserved/unused: zero
52,00,Reserved/unused: zero
53,00,Reserved/unused: zero
54,00,Reserved/unused: zero
55,00,Reserved/unused: zero
56,00,Reserved/unused: zero
57,00,Reserved/unused: zero
58,00,Reserved/unused: zero
59,00,Reserved/unused: zero
5A,00,Reserved/unused: zero
5B,00,Reserved/unused: zero
5C,00,Reserved/unused: zero
5D,00,Reserved/unused: zero
5E,00,Reserved/unused: zero
5F,00,Reserved/unused: zero
60,00,Reserved/unused: zero
61,00,Reserved/unused: zero
62,00,Reserved/unused: zero
63,00,Reserved/unused: zero
64,00,Reserved/unused: zero
65,00,Reserved/unused: zero
66,00,Reserved/unused: zero
67,00,Reserved/unused: zero
68,00,Reserved/unused: zero
69,00,Reserved/unused: zero
6A,00,Reserved/unused: zero
6B,00,Reserved/unused: zero
6C,00,Reserved/unused: zero
6D,00,Reserved/unused: zero
6E,00,Reserved/unused: zero
6F,00,Reserved/unused: zero
70,00,Reserved/unused: zero
71,00,Reserved/unused: zero
72,00,Reserved/unused: zero
73,00,Reserved/unused: zero
74,00,Reserved/unused: zero
75,00,Reserved/unused: zero
76,00,Reserved/unused: zero
77,00,Reserved/unused: zero
78,00,Reserved/unused: zero
79,00,Reserved/unused: zero
7A,00,Reserved/unused: zero
7B,00,Reserved/unused: zero
7C,00,Reserved/unused: zero
7D,00,Reserved/unused: zero
7E,00,Reserved/unused: zero
7F,00,Reserved/unused: zero
80,00,Reserved/unused: zero
81,00,Reserved/unused: zero
82,00,Reserved/unused: zero
83,00,Reserved/unused: zero
84,00,Reserved/unused: zero
85,00,Reserved/unused: zero
86,00,Reserved/unused: zero
87,00,Reserved/unused: zero
88,00,Reserved/unused: zero
89,00,Reserved/unused: zero
8A,00,Reserved/unused: zero
8B,00,Reserved/unused: zero
8C,00,Reserved/unused: zero
8D,00,Reserved/unused: zero
8E,00,Reserved/unused: zero
8F,00,Reserved/unused: zero
90,00,Reserved/unused: zero
91,00,Reserved/unused: zero
92,00,Reserved/unused: zero
93,00,Reserved/unused: zero
94,00,Reserved/unused: zero
95,00,Reserved/unused: zero
96,00,Reserved/unused: zero
97,00,Reserved/unused: zero
98,00,Reserved/unused: zero
99,00,Reserved/unused: zero
9A,00,Reserved/unused: zero
9B,00,Reserved/unused: zero
9C,00,Reserved/unused: zero
9D,00,Reserved/unused: zero
9E,00,Reserved/unused: zero
9F,00,Reserved/unused: zero
A0,00,Reserved/unused: zero
A1,00,Reserved/unused: zero
A2,00,Reserved/unused: zero
A3,00,Reserved/unused: zero
A4,00,Reserved/unused: zero
A5,00,Reserved/unused: zero
A6,00,Reserved/unused: zero
A7,00,Reserved/unused: zero
A8,00,Reserved/unused: zero
A9,00,Reserved/unused: zero
AA,00,Reserved/unused: zero
AB,00,Reserved/unused: zero
AC,00,Reserved/unused: zero
AD,00,Reserved/unused: zero
AE,00,Reserved/unused: zero
AF,00,Reserved/unused: zero
B0,00,Reserved/unused: zero
B1,00,Reserved/unused: zero
B2,00,Reserved/unused: zero
B3,00,Reserved/unused: zero
B4,00,Reserved/unused: zero
B5,00,Reserved/unused: zero
B6,00,Reserved/unused: zero
B7,00,Reserved/unused: zero
B8,00,Reserved/unused: zero
B9,00,Reserved/unused: zero
BA,00,Reserved/unused: zero
BB,00,Reserved/unused: zero
BC,00,Reserved/unused: zero
BD,00,Reserved/unused: zero
BE,00,Reserved/unused: zero
BF,00,Reserved/unused: zero
C0,00,Reserved/unused: zero
C1,00,Reserved/unused: zero
C2,00,Reserved/unused: zero
C3,00,Reserved/unused: zero
C4,00,Reserved/unused: zero
C5,00,Reserved/unused: zero
C6,00,Reserved/unused: zero
C7,00,Reserved/unused: zero
C8,00,Reserved/unused: zero
C9,00,Reserved/unused: zero
CA,00,Reserved/unused: zero
CB,00,Reserved/unused: zero
CC,00,Reserved/unused: zero
CD,00,Reserved/unused: zero
CE,00,Reserved/unused: zero
CF,00,Reserved/unused: zero
D0,00,Battery charging disabled on every port
D1,00,Reserved/unused: zero
D2,00,Reserved/unused: zero
D3,00,Reserved/unused: zero
D4,00,Reserved/unused: zero
D5,00,Reserved/unused: zero
D6,00,Reserved/unused: zero
D7,00,Reserved/unused: zero
D8,00,Reserved/unused: zero
D9,00,Reserved/unused: zero
DA,00,Reserved/unused: zero
DB,00,Reserved/unused: zero
DC,00,Reserved/unused: zero
DD,00,Reserved/unused: zero
DE,00,Reserved/unused: zero
DF,00,Reserved/unused: zero
E0,00,Reserved/unused: zero
E1,00,Reserved/unused: zero
E2,00,Reserved/unused: zero
E3,00,Reserved/unused: zero
E4,00,Reserved/unused: zero
E5,00,Reserved/unused: zero
E6,00,Reserved/unused: zero
E7,00,Reserved/unused: zero
E8,00,Reserved/unused: zero
E9,00,Reserved/unused: zero
EA,00,Reserved/unused: zero
EB,00,Reserved/unused: zero
EC,00,Reserved/unused: zero
ED,00,Reserved/unused: zero
EE,00,Reserved/unused: zero
EF,00,Reserved/unused: zero
F0,00,Reserved/unused: zero
F1,00,Reserved/unused: zero
F2,00,Reserved/unused: zero
F3,00,Reserved/unused: zero
F4,00,Reserved/unused: zero
F5,00,Reserved/unused: zero
F6,00,Reserved/unused: zero
F7,00,Reserved/unused: zero
F8,00,Reserved/unused: zero
F9,00,Reserved/unused: zero
FA,00,No upstream or downstream differential polarity swaps
FB,00,Port remapping disabled
FC,00,Port remapping disabled
FD,00,Reserved/unused: zero
FE,00,Reserved/unused: zero
FF,00,SMBus-only status/attach register not used in EEPROM mode
