Reference,Pad,Net,X mm,Y mm,Width mm,Height mm,Angle deg
J1,A1,GND1,7.195,72.75,0.6,1.45,270
J1,A4,VBUS_HOST,7.195,73.55,0.6,1.45,270
J1,A5,HOST_CC1,7.195,74.75,0.3,1.45,270
J1,A6,HOST_D+,7.195,75.75,0.3,1.45,270
J1,A7,HOST_D-,7.195,76.25,0.3,1.45,270
J1,A8,unconnected-(J1-SBU1-PadA8),7.195,77.25,0.3,1.45,270
J1,A9,VBUS_HOST,7.195,78.45,0.6,1.45,270
J1,A12,GND1,7.195,79.25,0.6,1.45,270
J1,B1,GND1,7.195,79.25,0.6,1.45,270
J1,B4,VBUS_HOST,7.195,78.45,0.6,1.45,270
J1,B5,HOST_CC2,7.195,77.75,0.3,1.45,270
J1,B6,HOST_D+,7.195,76.75,0.3,1.45,270
J1,B7,HOST_D-,7.195,75.25,0.3,1.45,270
J1,B8,unconnected-(J1-SBU2-PadB8),7.195,74.25,0.3,1.45,270
J1,B9,VBUS_HOST,7.195,73.55,0.6,1.45,270
J1,B12,GND1,7.195,72.75,0.6,1.45,270
J1,SH,GND1,6.28,71.68,1,2.1,270
J1,SH,GND1,2.1,71.68,1,1.6,270
J1,SH,GND1,6.28,80.32,1,2.1,270
J1,SH,GND1,2.1,80.32,1,1.6,270
J2,A1,GND2,95.25,7.195,0.6,1.45,180
J2,A4,EXT_5V,94.45,7.195,0.6,1.45,180
J2,A5,EXT_CC1,93.25,7.195,0.3,1.45,180
J2,A6,unconnected-(J2-D+-PadA6),92.25,7.195,0.3,1.45,180
J2,A7,unconnected-(J2-D--PadA7),91.75,7.195,0.3,1.45,180
J2,A8,unconnected-(J2-SBU1-PadA8),90.75,7.195,0.3,1.45,180
J2,A9,EXT_5V,89.55,7.195,0.6,1.45,180
J2,A12,GND2,88.75,7.195,0.6,1.45,180
J2,B1,GND2,88.75,7.195,0.6,1.45,180
J2,B4,EXT_5V,89.55,7.195,0.6,1.45,180
J2,B5,EXT_CC2,90.25,7.195,0.3,1.45,180
J2,B6,unconnected-(J2-D+-PadB6),91.25,7.195,0.3,1.45,180
J2,B7,unconnected-(J2-D--PadB7),92.75,7.195,0.3,1.45,180
J2,B8,unconnected-(J2-SBU2-PadB8),93.75,7.195,0.3,1.45,180
J2,B9,EXT_5V,94.45,7.195,0.6,1.45,180
J2,B12,GND2,95.25,7.195,0.6,1.45,180
J2,SH,GND2,96.32,6.28,1,2.1,180
J2,SH,GND2,96.32,2.1,1,1.6,180
J2,SH,GND2,87.68,6.28,1,2.1,180
J2,SH,GND2,87.68,2.1,1,1.6,180
J3,1,PORT1_VBUS,124.17,20.0,1.6,1.6,180
J3,2,PORT1_D-,122.17,20.0,1.6,1.6,180
J3,3,PORT1_D+,120.17,20.0,1.6,1.6,180
J3,4,GND2,118.17,20.0,1.6,1.6,180
J3,SH,GND2,124.9,22.72,2.15,2.15,180
J3,SH,GND2,124.9,17.28,2.15,2.15,180
J3,SH,GND2,117.9,22.72,2.15,2.15,180
J3,SH,GND2,117.9,17.28,2.15,2.15,180
J4,1,PORT2_VBUS,124.17,46.0,1.6,1.6,180
J4,2,PORT2_D-,122.17,46.0,1.6,1.6,180
J4,3,PORT2_D+,120.17,46.0,1.6,1.6,180
J4,4,GND2,118.17,46.0,1.6,1.6,180
J4,SH,GND2,124.9,48.72,2.15,2.15,180
J4,SH,GND2,124.9,43.28,2.15,2.15,180
J4,SH,GND2,117.9,48.72,2.15,2.15,180
J4,SH,GND2,117.9,43.28,2.15,2.15,180
J5,A1,GND2,128.805,80.25,0.6,1.45,90
J5,A4,PORT3_VBUS,128.805,79.45,0.6,1.45,90
J5,A5,PORT3_CC1,128.805,78.25,0.3,1.45,90
J5,A6,PORT3_D+,128.805,77.25,0.3,1.45,90
J5,A7,PORT3_D-,128.805,76.75,0.3,1.45,90
J5,A8,unconnected-(J5-SBU1-PadA8),128.805,75.75,0.3,1.45,90
J5,A9,PORT3_VBUS,128.805,74.55,0.6,1.45,90
J5,A12,GND2,128.805,73.75,0.6,1.45,90
J5,B1,GND2,128.805,73.75,0.6,1.45,90
J5,B4,PORT3_VBUS,128.805,74.55,0.6,1.45,90
J5,B5,PORT3_CC2,128.805,75.25,0.3,1.45,90
J5,B6,PORT3_D+,128.805,76.25,0.3,1.45,90
J5,B7,PORT3_D-,128.805,77.75,0.3,1.45,90
J5,B8,unconnected-(J5-SBU2-PadB8),128.805,78.75,0.3,1.45,90
J5,B9,PORT3_VBUS,128.805,79.45,0.6,1.45,90
J5,B12,GND2,128.805,80.25,0.6,1.45,90
J5,SH,GND2,129.72,81.32,1,2.1,90
J5,SH,GND2,133.9,81.32,1,1.6,90
J5,SH,GND2,129.72,72.68,1,2.1,90
J5,SH,GND2,133.9,72.68,1,1.6,90
J6,A1,GND2,128.805,105.25,0.6,1.45,90
J6,A4,PORT4_VBUS,128.805,104.45,0.6,1.45,90
J6,A5,PORT4_CC1,128.805,103.25,0.3,1.45,90
J6,A6,PORT4_D+,128.805,102.25,0.3,1.45,90
J6,A7,PORT4_D-,128.805,101.75,0.3,1.45,90
J6,A8,unconnected-(J6-SBU1-PadA8),128.805,100.75,0.3,1.45,90
J6,A9,PORT4_VBUS,128.805,99.55,0.6,1.45,90
J6,A12,GND2,128.805,98.75,0.6,1.45,90
J6,B1,GND2,128.805,98.75,0.6,1.45,90
J6,B4,PORT4_VBUS,128.805,99.55,0.6,1.45,90
J6,B5,PORT4_CC2,128.805,100.25,0.3,1.45,90
J6,B6,PORT4_D+,128.805,101.25,0.3,1.45,90
J6,B7,PORT4_D-,128.805,102.75,0.3,1.45,90
J6,B8,unconnected-(J6-SBU2-PadB8),128.805,103.75,0.3,1.45,90
J6,B9,PORT4_VBUS,128.805,104.45,0.6,1.45,90
J6,B12,GND2,128.805,105.25,0.6,1.45,90
J6,SH,GND2,129.72,106.32,1,2.1,90
J6,SH,GND2,133.9,106.32,1,1.6,90
J6,SH,GND2,129.72,97.68,1,2.1,90
J6,SH,GND2,133.9,97.68,1,1.6,90
U1,1,VBUS_HOST,37.075,71.775,1.65,0.45,0
U1,2,U1_3V3_HOST,37.075,72.425,1.65,0.45,0
U1,3,GND1,37.075,73.075,1.65,0.45,0
U1,4,U1_1V8_HOST,37.075,73.725,1.65,0.45,0
U1,5,U1_1V8_HOST,37.075,74.375,1.65,0.45,0
U1,6,ISO_SIDE_OK,37.075,75.025,1.65,0.45,0
U1,7,HOST_D-,37.075,75.675,1.65,0.45,0
U1,8,HOST_D+,37.075,76.325,1.65,0.45,0
U1,9,EQ10,37.075,76.975,1.65,0.45,0
U1,10,EQ11,37.075,77.625,1.65,0.45,0
U1,11,U1_1V8_HOST,37.075,78.275,1.65,0.45,0
U1,12,GND1,37.075,78.925,1.65,0.45,0
U1,13,U1_3V3_HOST,37.075,79.575,1.65,0.45,0
U1,14,unconnected-(U1-NC-Pad14),37.075,80.225,1.65,0.45,0
U1,15,unconnected-(U1-NC-Pad15),46.925,80.225,1.65,0.45,0
U1,16,ISO_3V3,46.925,79.575,1.65,0.45,0
U1,17,GND2,46.925,78.925,1.65,0.45,0
U1,18,U1_1V8_ISO,46.925,78.275,1.65,0.45,0
U1,19,EQ21,46.925,77.625,1.65,0.45,0
U1,20,EQ20,46.925,76.975,1.65,0.45,0
U1,21,HUB_UP_D+,46.925,76.325,1.65,0.45,0
U1,22,HUB_UP_D-,46.925,75.675,1.65,0.45,0
U1,23,HOST_PRESENT,46.925,75.025,1.65,0.45,0
U1,24,ISO_3V3,46.925,74.375,1.65,0.45,0
U1,25,U1_1V8_ISO,46.925,73.725,1.65,0.45,0
U1,26,GND2,46.925,73.075,1.65,0.45,0
U1,27,ISO_3V3,46.925,72.425,1.65,0.45,0
U1,28,ISO_3V3,46.925,71.775,1.65,0.45,0
T1,1,PRI_A,36.345,24.95,1.9,1.14,0
T1,2,HOST_CONVERTER_5V,36.345,28.0,1.9,1.14,0
T1,3,PRI_B,36.345,31.05,1.9,1.14,0
T1,4,SEC_B,47.655,31.05,1.9,1.14,0
T1,5,GND2,47.655,28.0,1.9,1.14,0
T1,6,SEC_A,47.655,24.95,1.9,1.14,0
CY1,1,GND1,35.0,104.0,2,2,0
CY1,2,GND2,49.0,104.0,2,2,0
SH1,1,GND1,21.25,21.27,1,1,0
SH1,1,GND1,21.25,22.835,1,2.13,0
SH1,1,GND1,21.25,28.0,1,3.8,0
SH1,1,GND1,21.25,33.165,1,2.13,0
SH1,1,GND1,21.25,34.73,1,1,0
SH1,1,GND1,22.575,21.27,1.65,1,0
SH1,1,GND1,22.575,34.73,1.65,1,0
SH1,1,GND1,27.5,21.27,3.8,1,0
SH1,1,GND1,27.5,34.73,3.8,1,0
SH1,1,GND1,32.425,21.27,1.65,1,0
SH1,1,GND1,32.425,34.73,1.65,1,0
SH1,1,GND1,33.75,21.27,1,1,0
SH1,1,GND1,33.75,22.835,1,2.13,0
SH1,1,GND1,33.75,28.0,1,3.8,0
SH1,1,GND1,33.75,33.165,1,2.13,0
SH1,1,GND1,33.75,34.73,1,1,0
SH2,1,GND2,50.42,18.85,1,1,0
SH2,1,GND2,50.42,21.625,1,4.55,0
SH2,1,GND2,50.42,28.0,1,3.8,0
SH2,1,GND2,50.42,34.375,1,4.55,0
SH2,1,GND2,50.42,37.15,1,1,0
SH2,1,GND2,52.91,18.85,3.98,1,0
SH2,1,GND2,52.91,37.15,3.98,1,0
SH2,1,GND2,59.0,18.85,3.8,1,0
SH2,1,GND2,59.0,37.15,3.8,1,0
SH2,1,GND2,65.0,18.85,3.8,1,0
SH2,1,GND2,65.0,37.15,3.8,1,0
SH2,1,GND2,71.0,18.85,3.8,1,0
SH2,1,GND2,71.0,37.15,3.8,1,0
SH2,1,GND2,77.09,18.85,3.98,1,0
SH2,1,GND2,77.09,37.15,3.98,1,0
SH2,1,GND2,79.58,18.85,1,1,0
SH2,1,GND2,79.58,21.625,1,4.55,0
SH2,1,GND2,79.58,28.0,1,3.8,0
SH2,1,GND2,79.58,34.375,1,4.55,0
SH2,1,GND2,79.58,37.15,1,1,0
U5,1,PRI_B,30.1375,28.95,1.325,0.6,180
U5,2,HOST_CONVERTER_5V,30.1375,28.0,1.325,0.6,180
U5,3,PRI_A,30.1375,27.05,1.325,0.6,180
U5,4,GND1,27.8625,27.05,1.325,0.6,180
U5,5,HOST_CONVERTER_5V,27.8625,28.0,1.325,0.6,180
U5,6,GND1,27.8625,28.95,1.325,0.6,180
U6,1,BB_PS,67.725,28.75,0.55,0.25,0
U6,2,BB_PG,67.725,28.25,0.55,0.25,0
U6,3,BB_VAUX,67.725,27.75,0.55,0.25,0
U6,4,GND2,67.725,27.25,0.55,0.25,0
U6,5,BB_FB,68.75,26.475,0.25,0.55,0
U6,6,unconnected-(U6-FB2-Pad6),69.25,26.475,0.25,0.55,0
U6,7,ISO_5V_PRE,69.75,26.475,0.25,0.55,0
U6,8,ISO_5V_PRE,70.25,26.475,0.25,0.55,0
U6,9,BB_L2,71.275,27.25,0.55,0.25,0
U6,10,GND2,71.275,27.75,0.55,0.25,0
U6,11,BB_L1,71.275,28.25,0.55,0.25,0
U6,12,DCDC_RAW,71.275,28.75,0.55,0.25,0
U6,13,DCDC_RAW,70.0,29.525,0.25,0.55,0
U6,14,DCDC_RAW,69.5,29.525,0.25,0.55,0
U6,15,GND2,69.0,29.525,0.25,0.55,0
L1,1,BB_L1,75.0,29.7,0.98,2.37,90
L1,2,BB_L2,75.0,26.3,0.98,2.37,90
U2,1,HOST_D-,9.8625,75.05,1.325,0.6,0
U2,2,GND1,9.8625,76.0,1.325,0.6,0
U2,3,HOST_D+,9.8625,76.95,1.325,0.6,0
U2,4,HOST_D+,12.1375,76.95,1.325,0.6,0
U2,5,VBUS_HOST,12.1375,76.0,1.325,0.6,0
U2,6,HOST_D-,12.1375,75.05,1.325,0.6,0
U3,1,HOST_CC1,14.725,67.2,0.85,0.2,180
U3,2,HOST_CC2,14.725,66.8,0.85,0.2,180
U3,3,GND1,14.6,66.175,0.2,0.65,180
U3,4,HOST_VDET,14.2,66.175,0.2,0.65,180
U3,5,unconnected-(U3-ADDR-Pad5),13.8,66.175,0.2,0.65,180
U3,6,unconnected-(U3-OUT3-Pad6),13.4,66.175,0.2,0.65,180
U3,7,HOST_OUT1,13.275,66.8,0.85,0.2,180
U3,8,HOST_OUT2,13.275,67.2,0.85,0.2,180
U3,9,unconnected-(U3-ID-Pad9),13.4,67.825,0.2,0.65,180
U3,10,GND1,13.8,67.825,0.2,0.65,180
U3,11,GND1,14.2,67.825,0.2,0.65,180
U3,12,HOST_3V3,14.6,67.825,0.2,0.65,180
U22,1,VBUS_HOST,19.8625,63.05,1.325,0.6,0
U22,2,GND1,19.8625,64.0,1.325,0.6,0
U22,3,VBUS_HOST,19.8625,64.95,1.325,0.6,0
U22,4,unconnected-(U22-NC-Pad4),22.1375,64.95,1.325,0.6,0
U22,5,HOST_3V3,22.1375,63.05,1.325,0.6,0
U24,1,unconnected-(U24-NC-Pad1),19.8625,68.05,1.325,0.6,0
U24,2,HOST_OUT1,19.8625,69.0,1.325,0.6,0
U24,3,GND1,19.8625,69.95,1.325,0.6,0
U24,4,HOST_PWR_OK,22.1375,69.95,1.325,0.6,0
U24,5,HOST_3V3,22.1375,68.05,1.325,0.6,0
U26,1,VBUS_HOST,23.1375,42.95,1.325,0.6,180
U26,2,GND1,23.1375,42.0,1.325,0.6,180
U26,3,HOST_PWR_OK,23.1375,41.05,1.325,0.6,180
U26,4,HOST_LIMIT_N,20.8625,41.05,1.325,0.6,180
U26,5,HOST_ILIM,20.8625,42.0,1.325,0.6,180
U26,6,HOST_CONVERTER_5V,20.8625,42.95,1.325,0.6,180
U45,1,VBUS_HOST,21.8625,84.05,1.325,0.6,0
U45,2,GND1,21.8625,85.0,1.325,0.6,0
U45,3,HOST18_SW,21.8625,85.95,1.325,0.6,0
U45,4,VBUS_HOST,24.1375,85.95,1.325,0.6,0
U45,5,HOST18_FB,24.1375,84.05,1.325,0.6,0
L4,1,HOST18_SW,26.3,85.0,0.98,2.37,0
L4,2,U1_1V8_HOST,29.7,85.0,0.98,2.37,0
U23,1,EXT_5V,82.8625,11.05,1.325,0.6,0
U23,2,GND2,82.8625,12.0,1.325,0.6,0
U23,3,EXT_5V,82.8625,12.95,1.325,0.6,0
U23,4,unconnected-(U23-NC-Pad4),85.1375,12.95,1.325,0.6,0
U23,5,EXT_3V3,85.1375,11.05,1.325,0.6,0
U7,1,EXT_CC1,90.8,13.725,0.85,0.2,90
U7,2,EXT_CC2,91.2,13.725,0.85,0.2,90
U7,3,GND2,91.825,13.6,0.2,0.65,90
U7,4,EXT_VDET,91.825,13.2,0.2,0.65,90
U7,5,unconnected-(U7-ADDR-Pad5),91.825,12.8,0.2,0.65,90
U7,6,unconnected-(U7-OUT3-Pad6),91.825,12.4,0.2,0.65,90
U7,7,EXT_OUT1,91.2,12.275,0.85,0.2,90
U7,8,EXT_OUT2,90.8,12.275,0.85,0.2,90
U7,9,unconnected-(U7-ID-Pad9),90.175,12.4,0.2,0.65,90
U7,10,GND2,90.175,12.8,0.2,0.65,90
U7,11,GND2,90.175,13.2,0.2,0.65,90
U7,12,EXT_3V3,90.175,13.6,0.2,0.65,90
U25,1,EXT_OUT1,96.8625,13.05,1.325,0.6,0
U25,2,EXT_OUT2,96.8625,14.0,1.325,0.6,0
U25,3,GND2,96.8625,14.95,1.325,0.6,0
U25,4,EXT_3A_OK,99.1375,14.95,1.325,0.6,0
U25,5,EXT_3V3,99.1375,13.05,1.325,0.6,0
U27,1,EXT_SENSED_5V,87.05,22.25,0.6,0.25,0
U27,2,EXT_SENSED_5V,87.05,22.75,0.6,0.25,0
U27,3,EXT_3A_OK,87.05,23.25,0.6,0.25,0
U27,4,EXT_5V,87.05,23.75,0.6,0.25,0
U27,5,GND2,88.95,23.75,0.6,0.25,0
U27,6,EXT_SLEW,88.95,23.25,0.6,0.25,0
U27,7,EXT_SW_5V,88.95,22.75,0.6,0.25,0
U27,8,EXT_SW_5V,88.95,22.25,0.6,0.25,0
U27,9,GND2,88.0,23.0,0.9,1.6,0
U46,1,EXT_5V,88.1,32.0,1.5,0.35,180
U46,2,EXT_SENSED_5V,88.1,31.5,1.5,0.35,180
U46,3,EXT_TRIP,88.1,31.0,1.5,0.35,180
U46,4,ISO_3V3,88.1,30.5,1.5,0.35,180
U46,5,EXT_CURRENT_OK,88.1,30.0,1.5,0.35,180
U46,6,PORT_ANY_ON,83.9,30.0,1.5,0.35,180
U46,7,ISO_3V3,83.9,30.5,1.5,0.35,180
U46,8,GND2,83.9,31.0,1.5,0.35,180
U46,9,ISO_3V3,83.9,31.5,1.5,0.35,180
U46,10,unconnected-(U46-HYS-Pad10),83.9,32.0,1.5,0.35,180
U28,1,EXT_3A_OK,95.6,29.25,0.6,0.25,0
U28,2,GND2,95.6,29.75,0.6,0.25,0
U28,3,EXT_REG_PG,95.6,30.25,0.6,0.25,0
U28,4,unconnected-(U28-CC-Pad4),95.6,30.75,0.6,0.25,0
U28,5,GND2,95.96,31.375,0.25,0.65,0
U28,6,EXT_FSW,96.46,31.4,0.25,0.6,0
U28,7,EXT_SW_5V,96.96,30.0,0.25,3.4,0
U28,8,EXT_SW1,97.46,30.0,0.25,3.4,0
U28,9,GND2,98.0,30.0,0.25,3.4,0
U28,9,GND2,98.0,30.0,0.33,2.35,0
U28,10,EXT_SW2,98.54,30.0,0.25,3.4,0
U28,11,EXT_REG_5V,99.04,30.0,0.25,3.4,0
U28,12,EXT_REG_5V,99.54,31.4,0.25,0.6,0
U28,13,EXT_REG_5V,100.04,31.375,0.25,0.65,0
U28,14,EXT_FB,100.4,30.75,0.6,0.25,0
U28,15,EXT_COMP,100.4,30.25,0.6,0.25,0
U28,16,unconnected-(U28-CDC-Pad16),100.4,29.75,0.6,0.25,0
U28,17,GND2,100.4,29.25,0.6,0.25,0
U28,18,EXT_REG_VCC,100.04,28.625,0.25,0.65,0
U28,19,EXT_BOOT2,99.54,28.6,0.25,0.6,0
U28,20,EXT_BOOT1,96.46,28.6,0.25,0.6,0
U28,21,unconnected-(U28-EXTVCC-Pad21),95.96,28.625,0.25,0.65,0
L3,1,EXT_SW1,95.59,22.4,1.92,6.5,0
L3,2,EXT_SW2,100.41,22.4,1.92,6.5,0
U8,1,ISO_5V,76.325,45.65,1.05,0.4,0
U8,2,ISO_5V_PRE,76.325,46.35,1.05,0.4,0
U8,3,MUX_CP2,76.25,47.15,0.2,0.6,0
U8,4,GND2,76.75,47.15,0.2,0.6,0
U8,5,GND2,77.25,47.15,0.2,0.6,0
U8,6,MUX_PR1,77.75,47.15,0.2,0.6,0
U8,7,EXT_REG_5V,77.675,46.35,1.05,0.4,0
U8,8,ISO_5V,77.675,45.65,1.05,0.4,0
U8,9,EXT_SELECTED,77.75,44.85,0.2,0.6,0
U8,10,MUX_ILIM,77.25,44.85,0.2,0.6,0
U8,11,MUX_SS,76.75,44.85,0.2,0.6,0
U8,12,GND2,76.25,44.85,0.2,0.6,0
U29,1,ISO_5V,83.8625,45.05,1.325,0.6,0
U29,2,GND2,83.8625,46.0,1.325,0.6,0
U29,3,BUS_FEED_EN,83.8625,46.95,1.325,0.6,0
U29,4,BUS_LIMIT_RAW_N,86.1375,46.95,1.325,0.6,0
U29,5,PORT_ILIM,86.1375,46.0,1.325,0.6,0
U29,6,PORT_SUPPLY,86.1375,45.05,1.325,0.6,0
U30,1,ISO_5V,84.05,51.25,0.6,0.25,0
U30,2,ISO_5V,84.05,51.75,0.6,0.25,0
U30,3,EXT_BYPASS_EN,84.05,52.25,0.6,0.25,0
U30,4,ISO_5V,84.05,52.75,0.6,0.25,0
U30,5,GND2,85.95,52.75,0.6,0.25,0
U30,6,EXT_PORT_SLEW,85.95,52.25,0.6,0.25,0
U30,7,EXT_PORT_FEED,85.95,51.75,0.6,0.25,0
U30,8,EXT_PORT_FEED,85.95,51.25,0.6,0.25,0
U30,9,GND2,85.0,52.0,0.9,1.6,0
U47,1,EXT_PORT_FEED,91.9,52.0,1.5,0.35,0
U47,2,PORT_SUPPLY,91.9,52.5,1.5,0.35,0
U47,3,EXT_PORT_TRIP,91.9,53.0,1.5,0.35,0
U47,4,ISO_3V3,91.9,53.5,1.5,0.35,0
U47,5,PORT_RAIL_OK,91.9,54.0,1.5,0.35,0
U47,6,PORT_ANY_ON,96.1,54.0,1.5,0.35,0
U47,7,unconnected-(U47-DELAY-Pad7),96.1,53.5,1.5,0.35,0
U47,8,GND2,96.1,53.0,1.5,0.35,0
U47,9,ISO_3V3,96.1,52.5,1.5,0.35,0
U47,10,unconnected-(U47-HYS-Pad10),96.1,52.0,1.5,0.35,0
U31,1,PORT_RAIL_OK,77.8625,56.05,1.325,0.6,0
U31,2,GND2,77.8625,57.0,1.325,0.6,0
U31,3,ISO_3V3,77.8625,57.95,1.325,0.6,0
U31,4,unconnected-(U31-CT-Pad4),80.1375,57.95,1.325,0.6,0
U31,5,PORT_SENSE,80.1375,57.0,1.325,0.6,0
U31,6,ISO_3V3,80.1375,56.05,1.325,0.6,0
U48,1,unconnected-(U48-NC-Pad1),95.8625,44.05,1.325,0.6,0
U48,2,BUS_FAULT_FILTER_N,95.8625,45.0,1.325,0.6,0
U48,3,GND2,95.8625,45.95,1.325,0.6,0
U48,4,PORT_LIMIT_N,98.1375,45.95,1.325,0.6,0
U48,5,ISO_3V3,98.1375,44.05,1.325,0.6,0
U32,1,EXT_SELECTED,90.8625,60.05,1.325,0.6,0
U32,2,PORT_FEED_EN,90.8625,61.0,1.325,0.6,0
U32,3,GND2,90.8625,61.95,1.325,0.6,0
U32,4,EXT_BYPASS_EN,93.1375,61.95,1.325,0.6,0
U32,5,ISO_3V3,93.1375,60.05,1.325,0.6,0
U41,1,PORT_ANY_ON,82.8625,61.05,1.325,0.6,0
U41,2,PORT_RAIL_OK,82.8625,62.0,1.325,0.6,0
U41,3,GND2,82.8625,62.95,1.325,0.6,0
U41,4,PORT_FEED_EN,85.1375,62.95,1.325,0.6,0
U41,5,ISO_3V3,85.1375,61.05,1.325,0.6,0
U42,1,unconnected-(U42-NC-Pad1),72.8625,60.05,1.325,0.6,0
U42,2,EXT_SELECTED,72.8625,61.0,1.325,0.6,0
U42,3,GND2,72.8625,61.95,1.325,0.6,0
U42,4,BUS_SELECTED,75.1375,61.95,1.325,0.6,0
U42,5,ISO_3V3,75.1375,60.05,1.325,0.6,0
U43,1,PORT_FEED_EN,75.8625,66.05,1.325,0.6,0
U43,2,BUS_SELECTED,75.8625,67.0,1.325,0.6,0
U43,3,GND2,75.8625,67.95,1.325,0.6,0
U43,4,BUS_FEED_EN,78.1375,67.95,1.325,0.6,0
U43,5,ISO_3V3,78.1375,66.05,1.325,0.6,0
U10,1,GND2,58.05,51.25,0.6,0.25,0
U10,2,ISO_5V,58.05,51.75,0.6,0.25,0
U10,3,ISO_5V,58.05,52.25,0.6,0.25,0
U10,4,GND2,58.05,52.75,0.6,0.25,0
U10,5,GND2,59.95,52.75,0.6,0.25,0
U10,6,ISO_3V3,59.95,52.25,0.6,0.25,0
U10,7,BUCK33_SW,59.95,51.75,0.6,0.25,0
U10,8,BUCK33_PG,59.95,51.25,0.6,0.25,0
U10,9,GND2,59.0,52.0,0.9,1.6,0
L2,1,BUCK33_SW,53.3,52.0,0.98,2.37,0
L2,2,ISO_3V3,56.7,52.0,0.98,2.37,0
U11,1,PORT1_D-,89.775,81.0,0.9,0.28,180
U11,2,PORT1_D+,89.775,80.5,0.9,0.28,180
U11,3,PORT2_D-,89.775,80.0,0.9,0.28,180
U11,4,PORT2_D+,89.775,79.5,0.9,0.28,180
U11,5,ISO_3V3,89.775,79.0,0.9,0.28,180
U11,6,PORT3_D-,89.775,78.5,0.9,0.28,180
U11,7,PORT3_D+,89.775,78.0,0.9,0.28,180
U11,8,PORT4_D-,89.775,77.5,0.9,0.28,180
U11,9,PORT4_D+,89.775,77.0,0.9,0.28,180
U11,10,ISO_3V3,89.0,76.225,0.28,0.9,180
U11,11,GND2,88.5,76.225,0.28,0.9,180
U11,12,PRTPWR1,88.0,76.225,0.28,0.9,180
U11,13,OCS1_N,87.5,76.225,0.28,0.9,180
U11,14,HUB_CRFILT,87.0,76.225,0.28,0.9,180
U11,15,ISO_3V3,86.5,76.225,0.28,0.9,180
U11,16,PRTPWR2,86.0,76.225,0.28,0.9,180
U11,17,OCS2_N,85.5,76.225,0.28,0.9,180
U11,18,PRTPWR3,85.0,76.225,0.28,0.9,180
U11,19,OCS3_N,84.225,77.0,0.9,0.28,180
U11,20,PRTPWR4,84.225,77.5,0.9,0.28,180
U11,21,OCS4_N,84.225,78.0,0.9,0.28,180
U11,22,HUB_SDA,84.225,78.5,0.9,0.28,180
U11,23,ISO_3V3,84.225,79.0,0.9,0.28,180
U11,24,HUB_SCL,84.225,79.5,0.9,0.28,180
U11,25,HUB_CFG1,84.225,80.0,0.9,0.28,180
U11,26,HUB_RESET_N,84.225,80.5,0.9,0.28,180
U11,27,HUB_VBUS_DET,84.225,81.0,0.9,0.28,180
U11,28,EXT_SELECTED,85.0,81.775,0.28,0.9,180
U11,29,ISO_3V3,85.5,81.775,0.28,0.9,180
U11,30,HUB_UP_D-,86.0,81.775,0.28,0.9,180
U11,31,HUB_UP_D+,86.5,81.775,0.28,0.9,180
U11,32,HUB_XO,87.0,81.775,0.28,0.9,180
U11,33,HUB_XI,87.5,81.775,0.28,0.9,180
U11,34,HUB_PLLFILT,88.0,81.775,0.28,0.9,180
U11,35,HUB_RBIAS,88.5,81.775,0.28,0.9,180
U11,36,ISO_3V3,89.0,81.775,0.28,0.9,180
U11,37,GND2,87.0,79.0,3.7,3.7,180
Y2,1,HUB_XO,85.9,88.35,1.4,1.2,0
Y2,2,GND2,88.1,88.35,1.4,1.2,0
Y2,3,HUB_XI,88.1,86.65,1.4,1.2,0
Y2,4,GND2,85.9,86.65,1.4,1.2,0
U33,1,HUB_RESET_N,59.8625,85.05,1.325,0.6,0
U33,2,GND2,59.8625,86.0,1.325,0.6,0
U33,3,HOST_PRESENT,59.8625,86.95,1.325,0.6,0
U33,4,unconnected-(U33-CT-Pad4),62.1375,86.95,1.325,0.6,0
U33,5,ISO_3V3,62.1375,86.0,1.325,0.6,0
U33,6,ISO_3V3,62.1375,85.05,1.325,0.6,0
U34,1,GND2,65.475,98.905,1.95,0.6,180
U34,2,GND2,65.475,97.635,1.95,0.6,180
U34,3,GND2,65.475,96.365,1.95,0.6,180
U34,4,GND2,65.475,95.095,1.95,0.6,180
U34,5,HUB_SDA,60.525,95.095,1.95,0.6,180
U34,6,HUB_SCL,60.525,96.365,1.95,0.6,180
U34,7,GND2,60.525,97.635,1.95,0.6,180
U34,8,ISO_3V3,60.525,98.905,1.95,0.6,180
U12,1,PORT_SUPPLY,105.8625,20.05,1.325,0.6,0
U12,2,GND2,105.8625,21.0,1.325,0.6,0
U12,3,PRTPWR1,105.8625,21.95,1.325,0.6,0
U12,4,OCS1_N,108.1375,21.95,1.325,0.6,0
U12,5,PORT1_ILIM,108.1375,21.0,1.325,0.6,0
U12,6,PORT1_VBUS,108.1375,20.05,1.325,0.6,0
U16,1,PORT1_D-,111.8625,19.05,1.325,0.6,0
U16,2,GND2,111.8625,20.0,1.325,0.6,0
U16,3,PORT1_D+,111.8625,20.95,1.325,0.6,0
U16,4,PORT1_D+,114.1375,20.95,1.325,0.6,0
U16,5,PORT1_VBUS,114.1375,20.0,1.325,0.6,0
U16,6,PORT1_D-,114.1375,19.05,1.325,0.6,0
U13,1,PORT_SUPPLY,105.8625,40.05,1.325,0.6,0
U13,2,GND2,105.8625,41.0,1.325,0.6,0
U13,3,PRTPWR2,105.8625,41.95,1.325,0.6,0
U13,4,OCS2_N,108.1375,41.95,1.325,0.6,0
U13,5,PORT2_ILIM,108.1375,41.0,1.325,0.6,0
U13,6,PORT2_VBUS,108.1375,40.05,1.325,0.6,0
U17,1,PORT2_D-,111.8625,45.05,1.325,0.6,0
U17,2,GND2,111.8625,46.0,1.325,0.6,0
U17,3,PORT2_D+,111.8625,46.95,1.325,0.6,0
U17,4,PORT2_D+,114.1375,46.95,1.325,0.6,0
U17,5,PORT2_VBUS,114.1375,46.0,1.325,0.6,0
U17,6,PORT2_D-,114.1375,45.05,1.325,0.6,0
U14,1,PORT_SUPPLY,114.8625,67.05,1.325,0.6,0
U14,2,GND2,114.8625,68.0,1.325,0.6,0
U14,3,PORT3_EN,114.8625,68.95,1.325,0.6,0
U14,4,OCS3_N,117.1375,68.95,1.325,0.6,0
U14,5,PORT3_ILIM,117.1375,68.0,1.325,0.6,0
U14,6,PORT3_VBUS,117.1375,67.05,1.325,0.6,0
U18,1,PORT3_D-,122.8625,76.05,1.325,0.6,0
U18,2,GND2,122.8625,77.0,1.325,0.6,0
U18,3,PORT3_D+,122.8625,77.95,1.325,0.6,0
U18,4,PORT3_D+,125.1375,77.95,1.325,0.6,0
U18,5,PORT3_VBUS,125.1375,77.0,1.325,0.6,0
U18,6,PORT3_D-,125.1375,76.05,1.325,0.6,0
U20,1,PORT3_CC1,123.725,69.2,0.85,0.2,180
U20,2,PORT3_CC2,123.725,68.8,0.85,0.2,180
U20,3,U20_PORT,123.6,68.175,0.2,0.65,180
U20,4,PORT3_VDET,123.2,68.175,0.2,0.65,180
U20,5,unconnected-(U20-ADDR-Pad5),122.8,68.175,0.2,0.65,180
U20,6,unconnected-(U20-OUT3-Pad6),122.4,68.175,0.2,0.65,180
U20,7,unconnected-(U20-OUT1-Pad7),122.275,68.8,0.85,0.2,180
U20,8,unconnected-(U20-OUT2-Pad8),122.275,69.2,0.85,0.2,180
U20,9,PORT3_ID_N,122.4,69.825,0.2,0.65,180
U20,10,GND2,122.8,69.825,0.2,0.65,180
U20,11,GND2,123.2,69.825,0.2,0.65,180
U20,12,ISO_3V3,123.6,69.825,0.2,0.65,180
U35,1,unconnected-(U35-NC-Pad1),115.8625,61.05,1.325,0.6,0
U35,2,PORT3_ID_N,115.8625,62.0,1.325,0.6,0
U35,3,GND2,115.8625,62.95,1.325,0.6,0
U35,4,PORT3_ATTACHED,118.1375,62.95,1.325,0.6,0
U35,5,ISO_3V3,118.1375,61.05,1.325,0.6,0
U37,1,PRTPWR3,107.8625,66.05,1.325,0.6,0
U37,2,PORT3_ATTACHED,107.8625,67.0,1.325,0.6,0
U37,3,GND2,107.8625,67.95,1.325,0.6,0
U37,4,PORT3_EN,110.1375,67.95,1.325,0.6,0
U37,5,ISO_3V3,110.1375,66.05,1.325,0.6,0
U39,1,unconnected-(U39-NC-Pad1),115.8625,83.05,1.325,0.6,0
U39,2,PORT3_EN,115.8625,84.0,1.325,0.6,0
U39,3,GND2,115.8625,84.95,1.325,0.6,0
U39,4,PORT3_DISCHARGE,118.1375,84.95,1.325,0.6,0
U39,5,ISO_3V3,118.1375,83.05,1.325,0.6,0
Q5,1,PORT3_DISCHARGE,123.0625,83.05,1.475,0.6,0
Q5,2,GND2,123.0625,84.95,1.475,0.6,0
Q5,3,PORT3_DISCHARGE_D,124.9375,84.0,1.475,0.6,0
U15,1,PORT_SUPPLY,114.8625,93.05,1.325,0.6,0
U15,2,GND2,114.8625,94.0,1.325,0.6,0
U15,3,PORT4_EN,114.8625,94.95,1.325,0.6,0
U15,4,OCS4_N,117.1375,94.95,1.325,0.6,0
U15,5,PORT4_ILIM,117.1375,94.0,1.325,0.6,0
U15,6,PORT4_VBUS,117.1375,93.05,1.325,0.6,0
U19,1,PORT4_D-,122.8625,101.05,1.325,0.6,0
U19,2,GND2,122.8625,102.0,1.325,0.6,0
U19,3,PORT4_D+,122.8625,102.95,1.325,0.6,0
U19,4,PORT4_D+,125.1375,102.95,1.325,0.6,0
U19,5,PORT4_VBUS,125.1375,102.0,1.325,0.6,0
U19,6,PORT4_D-,125.1375,101.05,1.325,0.6,0
U21,1,PORT4_CC1,123.725,94.2,0.85,0.2,180
U21,2,PORT4_CC2,123.725,93.8,0.85,0.2,180
U21,3,U21_PORT,123.6,93.175,0.2,0.65,180
U21,4,PORT4_VDET,123.2,93.175,0.2,0.65,180
U21,5,unconnected-(U21-ADDR-Pad5),122.8,93.175,0.2,0.65,180
U21,6,unconnected-(U21-OUT3-Pad6),122.4,93.175,0.2,0.65,180
U21,7,unconnected-(U21-OUT1-Pad7),122.275,93.8,0.85,0.2,180
U21,8,unconnected-(U21-OUT2-Pad8),122.275,94.2,0.85,0.2,180
U21,9,PORT4_ID_N,122.4,94.825,0.2,0.65,180
U21,10,GND2,122.8,94.825,0.2,0.65,180
U21,11,GND2,123.2,94.825,0.2,0.65,180
U21,12,ISO_3V3,123.6,94.825,0.2,0.65,180
U36,1,unconnected-(U36-NC-Pad1),115.8625,87.55,1.325,0.6,0
U36,2,PORT4_ID_N,115.8625,88.5,1.325,0.6,0
U36,3,GND2,115.8625,89.45,1.325,0.6,0
U36,4,PORT4_ATTACHED,118.1375,89.45,1.325,0.6,0
U36,5,ISO_3V3,118.1375,87.55,1.325,0.6,0
U38,1,PRTPWR4,107.8625,94.05,1.325,0.6,0
U38,2,PORT4_ATTACHED,107.8625,95.0,1.325,0.6,0
U38,3,GND2,107.8625,95.95,1.325,0.6,0
U38,4,PORT4_EN,110.1375,95.95,1.325,0.6,0
U38,5,ISO_3V3,110.1375,94.05,1.325,0.6,0
U40,1,unconnected-(U40-NC-Pad1),114.8625,108.05,1.325,0.6,0
U40,2,PORT4_EN,114.8625,109.0,1.325,0.6,0
U40,3,GND2,114.8625,109.95,1.325,0.6,0
U40,4,PORT4_DISCHARGE,117.1375,109.95,1.325,0.6,0
U40,5,ISO_3V3,117.1375,108.05,1.325,0.6,0
Q6,1,PORT4_DISCHARGE,123.0625,108.05,1.475,0.6,0
Q6,2,GND2,123.0625,109.95,1.475,0.6,0
Q6,3,PORT4_DISCHARGE_D,124.9375,109.0,1.475,0.6,0
C10,1,HOST_CONVERTER_5V,26.0,25.48,0.56,0.62,90
C10,2,GND1,26.0,24.52,0.56,0.62,90
C11,1,HOST_CONVERTER_5V,28.225,24.8,0.9,0.95,0
C11,2,GND1,29.775,24.8,0.9,0.95,0
C12,1,HOST_CONVERTER_5V,28.52,31.0,0.56,0.62,0
C12,2,GND1,29.48,31.0,0.56,0.62,0
D3,1,DCDC_RAW,57.5,31.0,2.5,1.8,180
D3,2,SEC_A,53.5,31.0,2.5,1.8,180
D4,1,DCDC_RAW,57.5,25.0,2.5,1.8,180
D4,2,SEC_B,53.5,25.0,2.5,1.8,180
C13,1,DCDC_RAW,64.525,33.5,1.15,2.7,0
C13,2,GND2,67.475,33.5,1.15,2.7,0
C15,1,DCDC_RAW,69.525,33.5,1.15,2.7,0
C15,2,GND2,72.475,33.5,1.15,2.7,0
C16,1,DCDC_RAW,74.525,33.5,1.15,2.7,0
C16,2,GND2,77.475,33.5,1.15,2.7,0
C14,1,DCDC_RAW,60.0,25.48,0.56,0.62,90
C14,2,GND2,60.0,24.52,0.56,0.62,90
C17,1,DCDC_RAW,69.02,30.9,0.56,0.62,0
C17,2,GND2,69.98,30.9,0.56,0.62,0
C18,1,ISO_5V_PRE,64.525,22.0,1.15,2.7,0
C18,2,GND2,67.475,22.0,1.15,2.7,0
C19,1,ISO_5V_PRE,69.525,22.0,1.15,2.7,0
C19,2,GND2,72.475,22.0,1.15,2.7,0
C20,1,ISO_5V_PRE,74.525,22.0,1.15,2.7,0
C20,2,GND2,77.475,22.0,1.15,2.7,0
C21,1,ISO_5V_PRE,69.52,24.5,0.56,0.62,0
C21,2,GND2,70.48,24.5,0.56,0.62,0
C22,1,BB_VAUX,66.0,28.48,0.56,0.62,90
C22,2,GND2,66.0,27.52,0.56,0.62,90
R10,1,ISO_5V_PRE,66.5,26.01,0.54,0.64,90
R10,2,BB_FB,66.5,24.99,0.54,0.64,90
R11,1,ISO_5V_PRE,66.0,30.51,0.54,0.64,90
R11,2,BB_PS,66.0,29.49,0.54,0.64,90
R12,1,ISO_5V_PRE,63.5,28.51,0.54,0.64,90
R12,2,BB_PG,63.5,27.49,0.54,0.64,90
R15,1,BB_PS,63.5,30.51,0.54,0.64,90
R15,2,GND2,63.5,29.49,0.54,0.64,90
C67,1,U1_1V8_HOST,35.0,73.88,0.56,0.62,90
C67,2,GND1,35.0,72.92,0.56,0.62,90
C66,1,U1_1V8_HOST,33.5,73.88,0.56,0.62,90
C66,2,GND1,33.5,72.92,0.56,0.62,90
C65,1,U1_1V8_HOST,31.6,74.175,0.9,0.95,90
C65,2,GND1,31.6,72.625,0.9,0.95,90
C70,1,U1_1V8_HOST,35.0,79.08,0.56,0.62,90
C70,2,GND1,35.0,78.12,0.56,0.62,90
C69,1,U1_1V8_HOST,33.5,79.08,0.56,0.62,90
C69,2,GND1,33.5,78.12,0.56,0.62,90
C68,1,U1_1V8_HOST,31.6,79.375,0.9,0.95,90
C68,2,GND1,31.6,77.825,0.9,0.95,90
C73,1,U1_1V8_ISO,49.0,72.92,0.56,0.62,270
C73,2,GND2,49.0,73.88,0.56,0.62,270
C72,1,U1_1V8_ISO,50.5,72.92,0.56,0.62,270
C72,2,GND2,50.5,73.88,0.56,0.62,270
C71,1,U1_1V8_ISO,52.4,72.625,0.9,0.95,270
C71,2,GND2,52.4,74.175,0.9,0.95,270
C76,1,U1_1V8_ISO,49.0,78.12,0.56,0.62,270
C76,2,GND2,49.0,79.08,0.56,0.62,270
C75,1,U1_1V8_ISO,50.5,78.12,0.56,0.62,270
C75,2,GND2,50.5,79.08,0.56,0.62,270
C74,1,U1_1V8_ISO,52.4,77.825,0.9,0.95,270
C74,2,GND2,52.4,79.375,0.9,0.95,270
C3,1,VBUS_HOST,33.225,69.3,0.9,0.95,0
C3,2,GND1,34.775,69.3,0.9,0.95,0
C4,1,U1_3V3_HOST,34.12,70.9,0.56,0.62,0
C4,2,GND1,35.08,70.9,0.56,0.62,0
C63,1,U1_1V8_HOST,31.52,70.9,0.56,0.62,0
C63,2,GND1,32.48,70.9,0.56,0.62,0
C28,1,ISO_3V3,50.775,69.3,0.9,0.95,180
C28,2,GND2,49.225,69.3,0.9,0.95,180
C29,1,ISO_3V3,49.88,70.9,0.56,0.62,180
C29,2,GND2,48.92,70.9,0.56,0.62,180
C64,1,ISO_3V3,52.775,70.9,0.9,0.95,180
C64,2,GND2,51.225,70.9,0.9,0.95,180
C79,1,EXT_SW_5V,92.0,22.475,1.15,2.7,90
C79,2,GND2,92.0,19.525,1.15,2.7,90
C80,1,EXT_SW_5V,92.0,27.475,1.15,2.7,90
C80,2,GND2,92.0,24.525,1.15,2.7,90
C81,1,EXT_SW_5V,96.02,32.9,0.56,0.62,0
C81,2,GND2,96.98,32.9,0.56,0.62,0
C82,1,EXT_BOOT1,95.52,27.4,0.56,0.62,0
C82,2,EXT_SW1,96.48,27.4,0.56,0.62,0
C83,1,EXT_BOOT2,99.02,27.4,0.56,0.62,0
C83,2,EXT_SW2,99.98,27.4,0.56,0.62,0
C84,1,EXT_REG_VCC,104.0,26.525,1.15,2.7,270
C84,2,GND2,104.0,29.475,1.15,2.7,270
C85,1,EXT_REG_5V,111.275,37.0,1.15,2.7,0
C85,2,GND2,114.225,37.0,1.15,2.7,0
C86,1,EXT_REG_5V,104.525,33.5,1.15,2.7,0
C86,2,GND2,107.475,33.5,1.15,2.7,0
C87,1,EXT_REG_5V,104.525,37.0,1.15,2.7,0
C87,2,GND2,107.475,37.0,1.15,2.7,0
C88,1,EXT_REG_5V,109.525,33.5,1.15,2.7,0
C88,2,GND2,112.475,33.5,1.15,2.7,0
C89,1,EXT_REG_5V,99.5,33.58,0.56,0.62,90
C89,2,GND2,99.5,32.62,0.56,0.62,90
R110,1,EXT_5V,82.5375,22.0,1.125,1.75,0
R110,2,EXT_SENSED_5V,85.4625,22.0,1.125,1.75,0
R116,1,EXT_PORT_FEED,87.5375,56.0,1.125,1.75,0
R116,2,PORT_SUPPLY,90.4625,56.0,1.125,1.75,0
C92,1,ISO_5V,64.95,44.0,4,2.5,0
C92,2,GND2,71.05,44.0,4,2.5,0
C44,1,PORT1_VBUS,120.95,31.0,4,2.5,0
C44,2,GND2,127.05,31.0,4,2.5,0
C47,1,PORT2_VBUS,120.95,56.0,4,2.5,0
C47,2,GND2,127.05,56.0,4,2.5,0
C113,1,VBUS_HOST,20.0,82.45,1,1.45,90
C113,2,GND1,20.0,80.55,1,1.45,90
C114,1,U1_1V8_HOST,27.525,90.0,1.15,2.7,0
C114,2,GND1,30.475,90.0,1.15,2.7,0
R114,1,U1_1V8_HOST,25.0,90.51,0.54,0.64,90
R114,2,HOST18_FB,25.0,89.49,0.54,0.64,90
R115,1,HOST18_FB,23.0,90.51,0.54,0.64,90
R115,2,GND1,23.0,89.49,0.54,0.64,90
C30,1,ISO_5V,61.6,52.95,1,1.45,90
C30,2,GND2,61.6,51.05,1,1.45,90
C31,1,ISO_3V3,52.025,57.0,1.15,2.7,0
C31,2,GND2,54.975,57.0,1.15,2.7,0
C35,1,ISO_3V3,91.22,79.0,0.56,0.62,0
C35,2,GND2,92.18,79.0,0.56,0.62,0
C36,1,ISO_3V3,89.0,74.78,0.56,0.62,90
C36,2,GND2,89.0,73.82,0.56,0.62,90
C37,1,ISO_3V3,86.5,74.78,0.56,0.62,90
C37,2,GND2,86.5,73.82,0.56,0.62,90
C38,1,ISO_3V3,82.78,79.0,0.56,0.62,180
C38,2,GND2,81.82,79.0,0.56,0.62,180
C39,1,ISO_3V3,85.5,83.22,0.56,0.62,270
C39,2,GND2,85.5,84.18,0.56,0.62,270
C40,1,ISO_3V3,89.3,83.22,0.56,0.62,270
C40,2,GND2,89.3,84.18,0.56,0.62,270
C34,1,HUB_CRFILT,87.5,72.48,0.56,0.62,90
C34,2,GND2,87.5,71.52,0.56,0.62,90
C59,1,HUB_PLLFILT,87.7,83.22,0.56,0.62,270
C59,2,GND2,87.7,84.18,0.56,0.62,270
C32,1,HUB_XO,83.8,87.98,0.56,0.62,90
C32,2,GND2,83.8,87.02,0.56,0.62,90
C33,1,HUB_XI,90.2,87.98,0.56,0.62,90
C33,2,GND2,90.2,87.02,0.56,0.62,90
R32,1,HUB_RBIAS,90.99,83.5,0.54,0.64,0
R32,2,GND2,92.01,83.5,0.54,0.64,0
C50,1,PORT3_VBUS,118.05,65.25,1,1.45,0
C50,2,GND2,119.95,65.25,1,1.45,0
C56,1,PORT4_VBUS,119.25,93.95,1,1.45,90
C56,2,GND2,119.25,92.05,1,1.45,90
C2,1,VBUS_HOST,20.225,61.25,0.9,0.95,0
C2,2,GND1,21.775,61.25,0.9,0.95,0
C24,1,EXT_5V,83.225,9.25,0.9,0.95,0
C24,2,GND2,84.775,9.25,0.9,0.95,0
C41,1,ISO_3V3,71.225,54.75,0.9,0.95,0
C41,2,GND2,72.775,54.75,0.9,0.95,0
C61,1,HOST_3V3,17.475,66.5,0.9,0.95,0
C61,2,GND1,19.025,66.5,0.9,0.95,0
C77,1,EXT_3V3,83.225,14.75,0.9,0.95,0
C77,2,GND2,84.775,14.75,0.9,0.95,0
C1,1,VBUS_HOST,2.77,70.0,0.56,0.62,0
C1,2,GND1,3.73,70.0,0.56,0.62,0
C100,1,ISO_3V3,121.25,71.23,0.56,0.62,90
C100,2,GND2,121.25,70.27,0.56,0.62,90
C101,1,ISO_3V3,124.75,67.73,0.56,0.62,90
C101,2,GND2,124.75,66.77,0.56,0.62,90
C102,1,ISO_3V3,124.75,71.23,0.56,0.62,90
C102,2,GND2,124.75,70.27,0.56,0.62,90
C103,1,ISO_3V3,121.25,92.73,0.56,0.62,90
C103,2,GND2,121.25,91.77,0.56,0.62,90
C104,1,ISO_3V3,121.25,96.23,0.56,0.62,90
C104,2,GND2,121.25,95.27,0.56,0.62,90
C105,1,ISO_3V3,124.75,92.73,0.56,0.62,90
C105,2,GND2,124.75,91.77,0.56,0.62,90
C106,1,ISO_3V3,124.75,96.23,0.56,0.62,90
C106,2,GND2,124.75,95.27,0.56,0.62,90
C107,1,ISO_3V3,85.77,59.75,0.56,0.62,0
C107,2,GND2,86.73,59.75,0.56,0.62,0
C108,1,ISO_3V3,74.77,58.5,0.56,0.62,0
C108,2,GND2,75.73,58.5,0.56,0.62,0
C109,1,ISO_3V3,78.77,64.75,0.56,0.62,0
C109,2,GND2,79.73,64.75,0.56,0.62,0
C110,1,ISO_3V3,82.25,31.98,0.56,0.62,90
C110,2,GND2,82.25,31.02,0.56,0.62,90
C112,1,ISO_3V3,97.75,52.98,0.56,0.62,90
C112,2,GND2,97.75,52.02,0.56,0.62,90
C115,1,EXT_PORT_SLEW,84.52,50.0,0.56,0.62,0
C115,2,GND2,85.48,50.0,0.56,0.62,0
C23,1,EXT_5V,91.52,9.25,0.56,0.62,0
C23,2,GND2,92.48,9.25,0.56,0.62,0
C25,1,EXT_3V3,88.77,14.75,0.56,0.62,0
C25,2,GND2,89.73,14.75,0.56,0.62,0
C26,1,EXT_3V3,99.77,11.75,0.56,0.62,0
C26,2,GND2,100.73,11.75,0.56,0.62,0
C27,1,MUX_SS,74.75,45.23,0.56,0.62,90
C27,2,GND2,74.75,44.27,0.56,0.62,90
C42,1,ISO_3V3,62.77,83.75,0.56,0.62,0
C42,2,GND2,63.73,83.75,0.56,0.62,0
C43,1,PORT_SUPPLY,104.27,23.25,0.56,0.62,0
C43,2,GND2,105.23,23.25,0.56,0.62,0
C45,1,PORT1_VBUS,108.77,23.75,0.56,0.62,0
C45,2,GND2,109.73,23.75,0.56,0.62,0
C46,1,PORT_SUPPLY,106.27,23.5,0.56,0.62,0
C46,2,GND2,107.23,23.5,0.56,0.62,0
C48,1,PORT2_VBUS,108.77,38.75,0.56,0.62,0
C48,2,GND2,109.73,38.75,0.56,0.62,0
C49,1,PORT_SUPPLY,113.27,65.75,0.56,0.62,0
C49,2,GND2,114.23,65.75,0.56,0.62,0
C51,1,PORT3_VBUS,118.75,67.98,0.56,0.62,90
C51,2,GND2,118.75,67.02,0.56,0.62,90
C55,1,PORT_SUPPLY,113.27,91.75,0.56,0.62,0
C55,2,GND2,114.23,91.75,0.56,0.62,0
C57,1,PORT4_VBUS,116.52,91.5,0.56,0.62,0
C57,2,GND2,117.48,91.5,0.56,0.62,0
C62,1,VBUS_HOST,23.77,44.25,0.56,0.62,0
C62,2,GND1,24.73,44.25,0.56,0.62,0
C7,1,HOST_3V3,15.75,69.23,0.56,0.62,90
C7,2,GND1,15.75,68.27,0.56,0.62,90
C78,1,EXT_SLEW,87.52,25.0,0.56,0.62,0
C78,2,GND2,88.48,25.0,0.56,0.62,0
C8,1,HOST_3V3,22.77,66.75,0.56,0.62,0
C8,2,GND1,23.73,66.75,0.56,0.62,0
C90,1,EXT_COMP_ZERO,95.52,35.0,0.56,0.62,0
C90,2,GND2,96.48,35.0,0.56,0.62,0
C91,1,EXT_COMP,101.75,30.73,0.56,0.62,90
C91,2,GND2,101.75,29.77,0.56,0.62,90
C93,1,ISO_5V,79.25,46.48,0.56,0.62,90
C93,2,GND2,79.25,45.52,0.56,0.62,90
C94,1,ISO_3V3,80.77,54.75,0.56,0.62,0
C94,2,GND2,81.73,54.75,0.56,0.62,0
C95,1,ISO_3V3,93.77,58.75,0.56,0.62,0
C95,2,GND2,94.73,58.75,0.56,0.62,0
C96,1,ISO_5V,82.27,43.75,0.56,0.62,0
C96,2,GND2,83.23,43.75,0.56,0.62,0
C97,1,PORT_SUPPLY,86.77,43.75,0.56,0.62,0
C97,2,GND2,87.73,43.75,0.56,0.62,0
C98,1,ISO_3V3,59.02,100.25,0.56,0.62,0
C98,2,GND2,59.98,100.25,0.56,0.62,0
C99,1,ISO_3V3,120.52,67.0,0.56,0.62,0
C99,2,GND2,121.48,67.0,0.56,0.62,0
D20,1,OCS1_N,83.3125,57.3,1.475,0.6,0
D20,2,OCS2_N,83.3125,59.2,1.475,0.6,0
D20,3,PORT_LIMIT_N,85.1875,58.25,1.475,0.6,0
D21,1,OCS3_N,89.8125,48.3,1.475,0.6,0
D21,2,OCS4_N,89.8125,50.2,1.475,0.6,0
D21,3,PORT_LIMIT_N,91.6875,49.25,1.475,0.6,0
D22,1,OCS1_N,74.8125,53.8,1.475,0.6,0
D22,2,OCS2_N,74.8125,55.7,1.475,0.6,0
D22,3,PORT_RAIL_OK,76.6875,54.75,1.475,0.6,0
D23,1,OCS3_N,78.0625,51.55,1.475,0.6,0
D23,2,OCS4_N,78.0625,53.45,1.475,0.6,0
D23,3,PORT_RAIL_OK,79.9375,52.5,1.475,0.6,0
Q2,1,HOST_PWR_OK,23.05,72.6875,1.475,0.6,90
Q2,2,GND1,24.95,72.6875,1.475,0.6,90
Q2,3,D2_K,24.0,70.8125,1.475,0.6,90
Q3,1,EXT_SELECTED,87.8125,51.8,1.475,0.6,0
Q3,2,GND2,87.8125,53.7,1.475,0.6,0
Q3,3,D6_K,89.6875,52.75,1.475,0.6,0
Q4,1,HOST_PRESENT,57.05,89.6875,1.475,0.6,90
Q4,2,GND2,58.95,89.6875,1.475,0.6,90
Q4,3,D7_K,58.0,87.8125,1.475,0.6,90
R81,1,PORT3_VBUS,119.25,71.4125,1.025,1.4,90
R81,2,PORT3_DISCHARGE_D,119.25,69.5875,1.025,1.4,90
R82,1,PORT4_VBUS,119.25,97.6625,1.025,1.4,90
R82,2,PORT4_DISCHARGE_D,119.25,95.8375,1.025,1.4,90
D14,1,PORT_ANY_ON,80.75,62.05,0.6,0.45,90
D14,2,PRTPWR1,80.75,59.95,0.6,0.45,90
D15,1,PORT_ANY_ON,81.7,65.0,0.6,0.45,0
D15,2,PRTPWR2,83.8,65.0,0.6,0.45,0
D16,1,PORT_ANY_ON,87.25,63.05,0.6,0.45,90
D16,2,PRTPWR3,87.25,60.95,0.6,0.45,90
D17,1,PORT_ANY_ON,78.5,62.05,0.6,0.45,90
D17,2,PRTPWR4,78.5,59.95,0.6,0.45,90
D2,1,D2_K,19.2125,72.0,0.875,0.95,0
D2,2,D2_A,20.7875,72.0,0.875,0.95,0
D6,1,D6_K,89.2125,63.75,0.875,0.95,0
D6,2,D6_A,90.7875,63.75,0.875,0.95,0
D7,1,D7_K,69.2125,90.0,0.875,0.95,0
D7,2,D7_A,70.7875,90.0,0.875,0.95,0
R111,1,EXT_TRIP,90.25,31.825,0.8,0.95,90
R111,2,GND2,90.25,30.175,0.8,0.95,90
R117,1,EXT_PORT_TRIP,92.175,55.75,0.8,0.95,0
R117,2,GND2,93.825,55.75,0.8,0.95,0
R20,1,EXT_REG_5V,101.0,34.575,0.8,0.95,90
R20,2,EXT_FB,101.0,32.925,0.8,0.95,90
R21,1,EXT_FB,98.75,36.325,0.8,0.95,90
R21,2,EXT_FB_LOW,98.75,34.675,0.8,0.95,90
R64,1,ISO_5V,82.0,53.325,0.8,0.95,90
R64,2,PORT_SENSE,82.0,51.675,0.8,0.95,90
R65,1,PORT_SENSE,74.425,52.0,0.8,0.95,0
R65,2,GND2,76.075,52.0,0.8,0.95,0
D1,1,VBUS_HOST,14.0,76.7,0.6,0.7,270
D1,2,GND1,14.0,75.3,0.6,0.7,270
D10,1,PORT3_VBUS,114.0,64.45,0.6,0.7,270
D10,2,GND2,114.0,63.05,0.6,0.7,270
D13,1,PORT4_VBUS,119.8,90.25,0.6,0.7,180
D13,2,GND2,121.2,90.25,0.6,0.7,180
D5,1,EXT_5V,81.0,11.7,0.6,0.7,270
D5,2,GND2,81.0,10.3,0.6,0.7,270
D8,1,PORT1_VBUS,110.0,26.45,0.6,0.7,270
D8,2,GND2,110.0,25.05,0.6,0.7,270
D9,1,PORT2_VBUS,110.0,41.45,0.6,0.7,270
D9,2,GND2,110.0,40.05,0.6,0.7,270
TP1,1,HOST_PWR_OK,24.25,68.5,1,1,0
TP10,1,PORT_SUPPLY,88.25,45.5,1,1,0
TP11,1,PORT_RAIL_OK,73.25,57.5,1,1,0
TP12,1,ISO_3V3,59.75,49.5,1,1,0
TP13,1,HUB_RESET_N,70.25,80.75,1,1,0
TP14,1,HUB_SDA,70.25,77.25,1,1,0
TP15,1,HUB_SCL,69.25,82.75,1,1,0
TP16,1,GND2,70.0,88.0,1,1,0
TP17,1,EXT_CURRENT_OK,88.5,28.25,1,1,0
TP2,1,HOST_LIMIT_N,19.25,39.5,1,1,0
TP3,1,ISO_SIDE_OK,34.75,75.5,1,1,0
TP4,1,HOST_PRESENT,49.25,75.5,1,1,0
TP5,1,DCDC_RAW,64.75,26.0,1,1,0
TP6,1,ISO_5V_PRE,62.0,26.5,1,1,0
TP7,1,EXT_3A_OK,100.75,16.5,1,1,0
TP8,1,EXT_REG_5V,94.25,33.0,1,1,0
TP9,1,ISO_5V,81.75,45.5,1,1,0
R1,1,VBUS_HOST,13.74,64.75,0.54,0.64,0
R1,2,HOST_VDET,14.76,64.75,0.54,0.64,0
R101,1,PRTPWR1,101.75,28.51,0.54,0.64,90
R101,2,GND2,101.75,27.49,0.54,0.64,90
R102,1,PRTPWR2,104.24,43.25,0.54,0.64,0
R102,2,GND2,105.26,43.25,0.54,0.64,0
R103,1,PORT3_EN,113.24,70.25,0.54,0.64,0
R103,2,GND2,114.26,70.25,0.54,0.64,0
R104,1,PORT4_EN,113.24,96.25,0.54,0.64,0
R104,2,GND2,114.26,96.25,0.54,0.64,0
R112,1,EXT_CURRENT_OK,85.74,28.5,0.54,0.64,0
R112,2,PORT_RAIL_OK,86.76,28.5,0.54,0.64,0
R119,1,PORT3_VBUS,115.49,65.5,0.54,0.64,0
R119,2,GND2,116.51,65.5,0.54,0.64,0
R120,1,PORT4_VBUS,114.25,90.51,0.54,0.64,90
R120,2,GND2,114.25,89.49,0.54,0.64,90
R16,1,EXT_5V,93.25,13.76,0.54,0.64,90
R16,2,EXT_VDET,93.25,12.74,0.54,0.64,90
R17,1,EXT_3V3,95.24,11.75,0.54,0.64,0
R17,2,EXT_OUT1,96.26,11.75,0.54,0.64,0
R18,1,EXT_3V3,95.25,14.51,0.54,0.64,90
R18,2,EXT_OUT2,95.25,13.49,0.54,0.64,90
R19,1,EXT_3A_OK,97.99,16.5,0.54,0.64,0
R19,2,GND2,99.01,16.5,0.54,0.64,0
R2,1,HOST_3V3,18.25,69.51,0.54,0.64,90
R2,2,HOST_OUT1,18.25,68.49,0.54,0.64,90
R22,1,EXT_FB_LOW,95.49,36.25,0.54,0.64,0
R22,2,GND2,96.51,36.25,0.54,0.64,0
R23,1,EXT_REG_5V,77.24,48.5,0.54,0.64,0
R23,2,MUX_PR1,78.26,48.5,0.54,0.64,0
R24,1,MUX_PR1,79.5,48.76,0.54,0.64,90
R24,2,GND2,79.5,47.74,0.54,0.64,90
R25,1,ISO_5V_PRE,74.99,48.5,0.54,0.64,0
R25,2,MUX_CP2,76.01,48.5,0.54,0.64,0
R26,1,MUX_CP2,73.74,47.25,0.54,0.64,0
R26,2,GND2,74.76,47.25,0.54,0.64,0
R27,1,MUX_ILIM,79.24,44.25,0.54,0.64,0
R27,2,GND2,80.26,44.25,0.54,0.64,0
R28,1,ISO_3V3,89.0,59.76,0.54,0.64,90
R28,2,EXT_SELECTED,89.0,58.74,0.54,0.64,90
R29,1,ISO_3V3,75.24,57.25,0.54,0.64,0
R29,2,D6_A,76.26,57.25,0.54,0.64,0
R3,1,HOST_3V3,11.75,67.76,0.54,0.64,90
R3,2,HOST_OUT2,11.75,66.74,0.54,0.64,90
R30,1,ISO_3V3,61.49,49.5,0.54,0.64,0
R30,2,D7_A,62.51,49.5,0.54,0.64,0
R31,1,HUB_VBUS_DET,83.24,83.25,0.54,0.64,0
R31,2,GND2,84.26,83.25,0.54,0.64,0
R33,1,ISO_3V3,68.5,81.01,0.54,0.64,90
R33,2,HUB_RESET_N,68.5,79.99,0.54,0.64,90
R34,1,ISO_3V3,68.5,78.76,0.54,0.64,90
R34,2,HUB_SCL,68.5,77.74,0.54,0.64,90
R35,1,ISO_3V3,79.74,76.25,0.54,0.64,0
R35,2,HUB_CFG1,80.76,76.25,0.54,0.64,0
R36,1,ISO_3V3,70.75,75.51,0.54,0.64,90
R36,2,HUB_SDA,70.75,74.49,0.54,0.64,90
R37,1,HOST_PRESENT,69.74,84.5,0.54,0.64,0
R37,2,HUB_VBUS_DET,70.76,84.5,0.54,0.64,0
R38,1,PORT1_ILIM,110.25,28.76,0.54,0.64,90
R38,2,GND2,110.25,27.74,0.54,0.64,90
R39,1,PORT2_ILIM,109.74,42.75,0.54,0.64,0
R39,2,GND2,110.76,42.75,0.54,0.64,0
R4,1,HOST_PWR_OK,24.99,66.75,0.54,0.64,0
R4,2,GND1,26.01,66.75,0.54,0.64,0
R40,1,PORT3_ILIM,116.49,70.5,0.54,0.64,0
R40,2,GND2,117.51,70.5,0.54,0.64,0
R44,1,PORT4_ILIM,116.49,96.5,0.54,0.64,0
R44,2,GND2,117.51,96.5,0.54,0.64,0
R47,1,ISO_3V3,110.24,30.0,0.54,0.64,0
R47,2,OCS1_N,111.26,30.0,0.54,0.64,0
R48,1,ISO_3V3,107.49,43.5,0.54,0.64,0
R48,2,OCS2_N,108.51,43.5,0.54,0.64,0
R49,1,ISO_3V3,114.24,71.5,0.54,0.64,0
R49,2,OCS3_N,115.26,71.5,0.54,0.64,0
R5,1,HOST_ILIM,19.25,42.51,0.54,0.64,90
R5,2,GND1,19.25,41.49,0.54,0.64,90
R50,1,ISO_3V3,114.24,97.5,0.54,0.64,0
R50,2,OCS4_N,115.26,97.5,0.54,0.64,0
R51,1,EQ10,34.24,80.25,0.54,0.64,0
R51,2,GND1,35.26,80.25,0.54,0.64,0
R52,1,EQ10,33.0,77.01,0.54,0.64,90
R52,2,U1_3V3_HOST,33.0,75.99,0.54,0.64,90
R53,1,EQ11,34.24,81.5,0.54,0.64,0
R53,2,GND1,35.26,81.5,0.54,0.64,0
R54,1,EQ11,33.0,81.51,0.54,0.64,90
R54,2,U1_3V3_HOST,33.0,80.49,0.54,0.64,90
R55,1,EQ20,48.74,80.25,0.54,0.64,0
R55,2,GND2,49.76,80.25,0.54,0.64,0
R56,1,EQ20,51.0,77.01,0.54,0.64,90
R56,2,ISO_3V3,51.0,75.99,0.54,0.64,90
R57,1,EQ21,48.74,81.5,0.54,0.64,0
R57,2,GND2,49.76,81.5,0.54,0.64,0
R58,1,EQ21,51.0,81.51,0.54,0.64,90
R58,2,ISO_3V3,51.0,80.49,0.54,0.64,90
R59,1,EXT_FSW,94.25,31.26,0.54,0.64,90
R59,2,GND2,94.25,30.24,0.54,0.64,90
R6,1,HOST_3V3,20.99,39.5,0.54,0.64,0
R6,2,HOST_LIMIT_N,22.01,39.5,0.54,0.64,0
R60,1,EXT_COMP,100.24,36.0,0.54,0.64,0
R60,2,EXT_COMP_ZERO,101.26,36.0,0.54,0.64,0
R61,1,EXT_3V3,93.24,29.0,0.54,0.64,0
R61,2,EXT_REG_PG,94.26,29.0,0.54,0.64,0
R62,1,PORT_ILIM,87.75,48.26,0.54,0.64,90
R62,2,GND2,87.75,47.24,0.54,0.64,90
R63,1,ISO_3V3,85.49,48.5,0.54,0.64,0
R63,2,BUS_LIMIT_RAW_N,86.51,48.5,0.54,0.64,0
R66,1,ISO_3V3,76.75,60.76,0.54,0.64,90
R66,2,PORT_RAIL_OK,76.75,59.74,0.54,0.64,90
R67,1,ISO_3V3,56.99,48.75,0.54,0.64,0
R67,2,BUCK33_PG,58.01,48.75,0.54,0.64,0
R72,1,ISO_3V3,123.5,66.76,0.54,0.64,90
R72,2,U20_PORT,123.5,65.74,0.54,0.64,90
R73,1,ISO_3V3,122.49,71.25,0.54,0.64,0
R73,2,PORT3_ID_N,123.51,71.25,0.54,0.64,0
R74,1,PORT3_VBUS,125.24,69.0,0.54,0.64,0
R74,2,PORT3_VDET,126.26,69.0,0.54,0.64,0
R75,1,ISO_3V3,122.49,91.75,0.54,0.64,0
R75,2,U21_PORT,123.51,91.75,0.54,0.64,0
R76,1,ISO_3V3,122.49,96.25,0.54,0.64,0
R76,2,PORT4_ID_N,123.51,96.25,0.54,0.64,0
R77,1,PORT4_VBUS,125.24,94.0,0.54,0.64,0
R77,2,PORT4_VDET,126.26,94.0,0.54,0.64,0
R83,1,PORT_ANY_ON,79.49,63.5,0.54,0.64,0
R83,2,GND2,80.51,63.5,0.54,0.64,0
R9,1,HOST_3V3,23.75,63.51,0.54,0.64,90
R9,2,D2_A,23.75,62.49,0.54,0.64,90
C116,1,ISO_3V3,95.525,41.5,1.15,2.7,0
C116,2,BUS_FAULT_CAP,98.475,41.5,1.15,2.7,0
C117,1,ISO_3V3,99.75,44.73,0.56,0.62,90
C117,2,GND2,99.75,43.77,0.56,0.62,90
R121,1,BUS_LIMIT_RAW_N,94.25,45.51,0.54,0.64,90
R121,2,BUS_FAULT_FILTER_N,94.25,44.49,0.54,0.64,90
R122,1,BUS_FAULT_FILTER_N,94.24,47.25,0.54,0.64,0
R122,2,BUS_FAULT_CAP,95.26,47.25,0.54,0.64,0
